{"cameraMode":{"drawMode":0,"name":"Shaded","section":"Shading Mode"},"sceneLighting":true,"audioPlay":false,"sceneViewState":{"m_AlwaysRefresh":false,"showFog":true,"showSkybox":true,"showFlares":true,"showImageEffects":true,"showParticleSystems":true,"showVisualEffectGraphs":true,"m_FxEnabled":true},"in2DMode":false,"pivot":{"x":120.84697723388672,"y":-4.546489238739014,"z":-0.5646007061004639},"rotation":{"x":-0.06611432880163193,"y":0.066401906311512,"z":-0.004409335553646088,"w":-0.9955911636352539},"size":12.815802574157715,"orthographic":true}